﻿[
    {
        "id": "51e59cc2b17099ca",
        "type": "tab",
        "label": "PROD",
        "disabled": false,
        "info": "",
        "env": []
    },
    {
        "id": "f616698c3b49dd4e",
        "type": "tab",
        "label": "DEV",
        "disabled": false,
        "info": "",
        "env": []
    },
    {
        "id": "f547bd174c5d02e1",
        "type": "MySQLdatabase",
        "name": "",
        "host": "10.98.254.16",
        "port": "3306",
        "db": "oik_thermo",
        "tz": "",
        "charset": "UTF8"
    },
    {
        "id": "51fc9d3b1784271d",
        "type": "http in",
        "z": "51e59cc2b17099ca",
        "name": "",
        "url": "/get/getSensor",
        "method": "get",
        "upload": false,
        "swaggerDoc": "",
        "x": 130,
        "y": 180,
        "wires": [
            [
                "2c661c57546054db",
                "174fc0757bd38582",
                "99fa8cc3841828ee"
            ]
        ]
    },
    {
        "id": "2c661c57546054db",
        "type": "debug",
        "z": "51e59cc2b17099ca",
        "name": "",
        "active": true,
        "tosidebar": true,
        "console": false,
        "tostatus": false,
        "complete": "true",
        "targetType": "full",
        "statusVal": "",
        "statusType": "auto",
        "x": 290,
        "y": 120,
        "wires": []
    },
    {
        "id": "174fc0757bd38582",
        "type": "function",
        "z": "51e59cc2b17099ca",
        "name": "Query to DB",
        "func": "var id = Number(msg.req.query.id)\n\n\nvar Select = `\nSELECT * FROM TLMAX\nWHERE LOG_RECNO = ${id}\nORDER BY DATETIME DESC`\n\n\n\nmsg.topic = Select;\n\nreturn msg;",
        "outputs": 1,
        "noerr": 0,
        "initialize": "",
        "finalize": "",
        "libs": [],
        "x": 330,
        "y": 180,
        "wires": [
            [
                "dcb83777bd9f1f0b"
            ]
        ]
    },
    {
        "id": "dcb83777bd9f1f0b",
        "type": "mysql",
        "z": "51e59cc2b17099ca",
        "mydb": "f547bd174c5d02e1",
        "name": "",
        "x": 510,
        "y": 180,
        "wires": [
            [
                "53570c1141e7e1ef",
                "578309b5c0c7d0f5",
                "35737590e8d8baf6"
            ]
        ]
    },
    {
        "id": "df783644c83a21ac",
        "type": "inject",
        "z": "51e59cc2b17099ca",
        "name": "",
        "props": [
            {
                "p": "req.query.id",
                "v": "26",
                "vt": "num"
            },
            {
                "p": "topic",
                "vt": "str"
            }
        ],
        "repeat": "",
        "crontab": "",
        "once": false,
        "onceDelay": 0.1,
        "topic": "",
        "x": 140,
        "y": 220,
        "wires": [
            [
                "174fc0757bd38582"
            ]
        ]
    },
    {
        "id": "01a7b3b749af8089",
        "type": "debug",
        "z": "51e59cc2b17099ca",
        "name": "",
        "active": true,
        "tosidebar": true,
        "console": false,
        "tostatus": false,
        "complete": "false",
        "statusVal": "",
        "statusType": "auto",
        "x": 850,
        "y": 140,
        "wires": []
    },
    {
        "id": "a62db2bc61630ea1",
        "type": "http in",
        "z": "51e59cc2b17099ca",
        "name": "",
        "url": "/get/podves/termiks",
        "method": "get",
        "upload": false,
        "swaggerDoc": "",
        "x": 170,
        "y": 560,
        "wires": [
            [
                "105a9a13e79f56dc"
            ]
        ]
    },
    {
        "id": "27ee7ae7add3ad72",
        "type": "function",
        "z": "51e59cc2b17099ca",
        "name": "",
        "func": "//допомыжны функцыъ\nfunction silageName(numberSilos){\n    if(numberSilos >= 1 && numberSilos <=14) return '156 (1)'\n    else if(numberSilos >= 15 && numberSilos <= 28) return '165 (2)'\n    else if(numberSilos >= 29 && numberSilos <= 42) return '157 (3)'\n    else if(numberSilos >= 43 && numberSilos <= 56) return '166 (4)'\n    else if(numberSilos >= 57 && numberSilos <= 70) return '158 (5)'\n    else if(numberSilos >= 71 && numberSilos <= 84) return '167 (6)'\n    else if(numberSilos >= 85 && numberSilos <= 98) return '159 (7)'\n    else if(numberSilos >= 99 && numberSilos <= 112) return '168 (8)'\n    else if(numberSilos >= 113 && numberSilos <= 126) return '160 (9)'\n    else if(numberSilos >= 127 && numberSilos <= 140) return '169 (10)'\n    else if(numberSilos >= 141 && numberSilos <= 154) return '161 (11)'\n    else if(numberSilos >= 155 && numberSilos <= 168) return '170 (12)'\n    else if(numberSilos >= 169 && numberSilos <= 182) return '162 (13)'\n    else if(numberSilos >= 183 && numberSilos <= 196) return '171 (14)'\n    else if(numberSilos >= 197 && numberSilos <= 210) return '163 (15)'\n    else if(numberSilos >= 211 && numberSilos <= 224) return '172 (16)'\n    else if(numberSilos >= 225 && numberSilos <= 238) return '164 (17)'\n    else if(numberSilos >= 239 && numberSilos <= 252) return '173 (18)'\n    else if(numberSilos >= 301 && numberSilos <= 318) return '10/2'\n    else if(numberSilos >= 319 && numberSilos <= 334) return '10/1'\n    else return numberSilos\n}\n\nfunction serialid(serial){\n    if(serial >= 1 && serial <=14) return 1\n    else if(serial >= 15 && serial <= 28) return 2\n    else if(serial >= 29 && serial <= 42) return 3\n    else if(serial >= 43 && serial <= 56) return 4\n    else if(serial >= 57 && serial <= 70) return 5\n    else if(serial >= 71 && serial <= 84) return 6\n    else if(serial >= 85 && serial <= 98) return 7\n    else if(serial >= 99 && serial <= 112) return 8\n    else if(serial >= 113 && serial <= 126) return 9\n    else if(serial >= 127 && serial <= 140) return 10\n    else if(serial >= 141 && serial <= 154) return 11\n    else if(serial >= 155 && serial <= 168) return 12\n    else if(serial >= 169 && serial <= 182) return 13\n    else if(serial >= 183 && serial <= 196) return 14\n    else if(serial >= 197 && serial <= 210) return 15\n    else if(serial >= 211 && serial <= 224) return 16\n    else if(serial >= 225 && serial <= 238) return 17\n    else if(serial >= 239 && serial <= 252) return 18\n    else if(serial >= 301 && serial <= 311) return 19\n    else if(serial >= 312 && serial <= 322) return 20\n    else if(serial >= 323 && serial <= 334) return 21\n    else return serial\n}\n\nfunction renameSerialNumber(number){\n    if(number > 300){\n        return Number(number.toString().replace(\"3\",''))\n    }\n    return number\n}\n\n\n\n\n\nfunction sortFunction(a,b){\n    return parseInt(a.LEVEL) - parseInt(b.LEVEL)\n}\n\n\n//ыныцыализацыя\n\nvar inData = msg.payload;\nvar IdArray = [];\nvar GroupIdOut = [];\n\n//групування по ID\nfor(let i = 0; i < inData.length; i++){\n    IdArray.push(inData[i].TSB_ID)\n}\n\nfor(let i = 0; i < inData.length; i++){\n    let ArrayID = []\n    for(let j = 0; j < IdArray.length; j++){\n        if(inData[i].TSB_ID == IdArray[j]){\n            ArrayID.push(inData[j])\n        }\n    }\n    ArrayID.sort(sortFunction)\n    GroupIdOut[inData[i].TSB_ID] = ArrayID\n\n}\nGroupIdOut.splice(0,1);\n//формування ответа\n\nvar GroupSensor = []\n\n for(let i = 0; i < GroupIdOut.length; i++){\n    let group = {\n        GroupBob:[]\n    }\n    for(let j = 0; j < GroupIdOut[i].length; j++){\n        group.silos = silageName(GroupIdOut[i][j].NO);\n        let jsonGroup =\n            {\n              name: GroupIdOut[i][j].SILAGE_ID + '_' + GroupIdOut[i][j].LEVEL,\n              name_r:(j < 10) ? `Датчик0${j}` : `Датчик${j}`,\n              name_l:`Рiвень ${j}`,\n            }\n        group.GroupBob.push(jsonGroup)    \n        group.SerialNumber = GroupIdOut[i][j].SILAGE_ID\n        group.Name = renameSerialNumber(GroupIdOut[i][j].NO)   \n         \n    }\n    GroupSensor.push(group) \n }\n\n\n//присвоэння выдповыды\n\nmsg.payload = {\n    GroupSensor: GroupSensor\n};\n\n\nreturn msg;",
        "outputs": 1,
        "noerr": 0,
        "initialize": "",
        "finalize": "",
        "libs": [],
        "x": 680,
        "y": 620,
        "wires": [
            [
                "bd5921d7a76e4410",
                "d03dadcccc3f2e35"
            ]
        ]
    },
    {
        "id": "d03dadcccc3f2e35",
        "type": "http response",
        "z": "51e59cc2b17099ca",
        "name": "",
        "statusCode": "",
        "headers": {},
        "x": 830,
        "y": 560,
        "wires": []
    },
    {
        "id": "bd5921d7a76e4410",
        "type": "debug",
        "z": "51e59cc2b17099ca",
        "name": "",
        "active": true,
        "tosidebar": true,
        "console": false,
        "tostatus": false,
        "complete": "false",
        "statusVal": "",
        "statusType": "auto",
        "x": 850,
        "y": 520,
        "wires": []
    },
    {
        "id": "7189af552310d475",
        "type": "debug",
        "z": "51e59cc2b17099ca",
        "name": "",
        "active": true,
        "tosidebar": true,
        "console": false,
        "tostatus": false,
        "complete": "false",
        "statusVal": "",
        "statusType": "auto",
        "x": 710,
        "y": 480,
        "wires": []
    },
    {
        "id": "80e8acd6da26d8e4",
        "type": "inject",
        "z": "51e59cc2b17099ca",
        "name": "",
        "props": [
            {
                "p": "payload"
            },
            {
                "p": "topic",
                "vt": "str"
            }
        ],
        "repeat": "",
        "crontab": "",
        "once": false,
        "onceDelay": 0.1,
        "topic": "",
        "payload": "",
        "payloadType": "date",
        "x": 160,
        "y": 520,
        "wires": [
            [
                "105a9a13e79f56dc"
            ]
        ]
    },
    {
        "id": "105a9a13e79f56dc",
        "type": "function",
        "z": "51e59cc2b17099ca",
        "name": "query DB",
        "func": "var Select = `\nSELECT  \nLAVALIERS.ID, LAVALIERS.NO, LAVALIERS.SILAGE_ID, LAVALIERS.LevelCount, LAVALIERS.LevelOffs, LAVALIERS.LoadLevels, LAVALIERS.DeviceAddr,\nSENSORS.TSB_ID, SENSORS.LEVEL, SENSORS.ONLINE, SENSORS.USER_T\nFROM LAVALIERS, SENSORS\nWHERE LAVALIERS.ID = SENSORS.TSB_ID\nORDER BY SENSORS.TSB_ID ASC LIMIT 4192`\n\nmsg.topic = Select;\n\nreturn msg;\n//",
        "outputs": 1,
        "noerr": 0,
        "initialize": "",
        "finalize": "",
        "libs": [],
        "x": 360,
        "y": 560,
        "wires": [
            [
                "bb5a8d8bed4cc356"
            ]
        ]
    },
    {
        "id": "bb5a8d8bed4cc356",
        "type": "mysql",
        "z": "51e59cc2b17099ca",
        "mydb": "f547bd174c5d02e1",
        "name": "",
        "x": 510,
        "y": 560,
        "wires": [
            [
                "7189af552310d475",
                "27ee7ae7add3ad72"
            ]
        ]
    },
    {
        "id": "53570c1141e7e1ef",
        "type": "debug",
        "z": "51e59cc2b17099ca",
        "name": "",
        "active": true,
        "tosidebar": true,
        "console": false,
        "tostatus": false,
        "complete": "false",
        "statusVal": "",
        "statusType": "auto",
        "x": 850,
        "y": 100,
        "wires": []
    },
    {
        "id": "578309b5c0c7d0f5",
        "type": "function",
        "z": "51e59cc2b17099ca",
        "name": "",
        "func": "var inputDate = msg.payload;\nvar id = msg.payload[0].LOG_RECNO;\nvar Zam_date = msg.payload[0].DATETIME\nvar sensorArray = [];\nvar out_temp = ''\nvar out_name = ''\n\nfor(let i = 0; i < inputDate.length; i++){\n    sensorArray[i] = {\n        'name': inputDate[i].SILAGE_ID + '_' + inputDate[i].LEVEL,\n        'temp': inputDate[i].USER_VALUE\n    }\n}\n\nconst idx_out = sensorArray.findIndex((element, index) => {\n    if(element.name === \"305_0\"){\n        return true\n    }\n});\nout_temp = sensorArray[idx_out].temp\nout_name = sensorArray[idx_out].name\nsensorArray.splice(idx_out, 1);\n\n//var ary = sensorArray.slice(70,80);\n\n\n\n\nmsg.payload = {\n    DTLINECREATE: Zam_date,\n    id: id,\n    out_temp,\n    out_name,\n    sensors: sensorArray\n}\nreturn msg;",
        "outputs": 1,
        "noerr": 0,
        "initialize": "",
        "finalize": "",
        "libs": [],
        "x": 680,
        "y": 180,
        "wires": [
            [
                "01a7b3b749af8089",
                "bcf7a0498b36e95d"
            ]
        ]
    },
    {
        "id": "bcf7a0498b36e95d",
        "type": "http response",
        "z": "51e59cc2b17099ca",
        "name": "",
        "statusCode": "",
        "headers": {},
        "x": 850,
        "y": 180,
        "wires": []
    },
    {
        "id": "1a43dbd36f05a37d",
        "type": "http response",
        "z": "51e59cc2b17099ca",
        "name": "",
        "statusCode": "",
        "headers": {},
        "x": 810,
        "y": 300,
        "wires": []
    },
    {
        "id": "b6ea664999f34be1",
        "type": "function",
        "z": "51e59cc2b17099ca",
        "name": "",
        "func": "msg.payload = {\n    message:\"not data found\"\n}\n\nreturn msg;",
        "outputs": 1,
        "noerr": 0,
        "initialize": "",
        "finalize": "",
        "libs": [],
        "x": 490,
        "y": 300,
        "wires": [
            [
                "1a43dbd36f05a37d"
            ]
        ]
    },
    {
        "id": "fa29da70c64c4a1a",
        "type": "function",
        "z": "51e59cc2b17099ca",
        "name": "old",
        "func": "//допомыжны функцыъ\nfunction silageName(numberSilos){\n    if(numberSilos >= 1 && numberSilos <=14) return '156 (1)'\n    else if(numberSilos >= 15 && numberSilos <= 28) return '165 (2)'\n    else if(numberSilos >= 29 && numberSilos <= 42) return '157 (3)'\n    else if(numberSilos >= 43 && numberSilos <= 56) return '166 (4)'\n    else if(numberSilos >= 57 && numberSilos <= 70) return '158 (5)'\n    else if(numberSilos >= 71 && numberSilos <= 84) return '167 (6)'\n    else if(numberSilos >= 85 && numberSilos <= 98) return '159 (7)'\n    else if(numberSilos >= 99 && numberSilos <= 112) return '168 (8)'\n    else if(numberSilos >= 113 && numberSilos <= 126) return '160 (9)'\n    else if(numberSilos >= 127 && numberSilos <= 140) return '169 (10)'\n    else if(numberSilos >= 141 && numberSilos <= 154) return '161 (11)'\n    else if(numberSilos >= 155 && numberSilos <= 168) return '170 (12)'\n    else if(numberSilos >= 169 && numberSilos <= 182) return '162 (13)'\n    else if(numberSilos >= 183 && numberSilos <= 196) return '171 (14)'\n    else if(numberSilos >= 197 && numberSilos <= 210) return '163 (15)'\n    else if(numberSilos >= 211 && numberSilos <= 224) return '172 (16)'\n    else if(numberSilos >= 225 && numberSilos <= 238) return '164 (17)'\n    else if(numberSilos >= 239 && numberSilos <= 252) return '173 (18)'\n    else if(numberSilos >= 301 && numberSilos <= 311) return 'Склад №3 (19)'\n    else if(numberSilos >= 312 && numberSilos <= 322) return 'Склад №3 (20)'\n    else if(numberSilos >= 323 && numberSilos <= 334) return 'Склад №3 (21)'\n    else return numberSilos\n}\n\nfunction serialid(serial){\n    if(serial >= 1 && serial <=14) return 1\n    else if(serial >= 15 && serial <= 28) return 2\n    else if(serial >= 29 && serial <= 42) return 3\n    else if(serial >= 43 && serial <= 56) return 4\n    else if(serial >= 57 && serial <= 70) return 5\n    else if(serial >= 71 && serial <= 84) return 6\n    else if(serial >= 85 && serial <= 98) return 7\n    else if(serial >= 99 && serial <= 112) return 8\n    else if(serial >= 113 && serial <= 126) return 9\n    else if(serial >= 127 && serial <= 140) return 10\n    else if(serial >= 141 && serial <= 154) return 11\n    else if(serial >= 155 && serial <= 168) return 12\n    else if(serial >= 169 && serial <= 182) return 13\n    else if(serial >= 183 && serial <= 196) return 14\n    else if(serial >= 197 && serial <= 210) return 15\n    else if(serial >= 211 && serial <= 224) return 16\n    else if(serial >= 225 && serial <= 238) return 17\n    else if(serial >= 239 && serial <= 252) return 18\n    else if(serial >= 301 && serial <= 311) return 19\n    else if(serial >= 312 && serial <= 322) return 20\n    else if(serial >= 323 && serial <= 334) return 21\n    else return serial\n}\n\nfunction renameSerialNumber(number){\n    if(number > 300){\n        return Number(number.toString().replace(\"3\",''))\n    }\n    return number\n}\n\n\n\n\n\nfunction sortFunction(a,b){\n    return parseInt(a.LEVEL) - parseInt(b.LEVEL)\n}\n\n\n//ыныцыализацыя\n\nvar inData = msg.payload;\nvar IdArray = [];\nvar GroupIdOut = [];\n\n//групування по ID\nfor(let i = 0; i < inData.length; i++){\n    IdArray.push(inData[i].TSB_ID)\n}\n\nfor(let i = 0; i < inData.length; i++){\n    let ArrayID = []\n    for(let j = 0; j < IdArray.length; j++){\n        if(inData[i].TSB_ID == IdArray[j]){\n            ArrayID.push(inData[j])\n        }\n    }\n    ArrayID.sort(sortFunction)\n    GroupIdOut[inData[i].TSB_ID] = ArrayID\n\n}\nGroupIdOut.splice(0,1);\n//формування ответа\n\nvar GroupSensor = []\n\n for(let i = 0; i < GroupIdOut.length; i++){\n    let group = {\n        GroupBob:[]\n    }\n    for(let j = 0; j < GroupIdOut[i].length; j++){\n        group.silos = silageName(GroupIdOut[i][j].NO);\n        let jsonGroup =\n            {\n              name: GroupIdOut[i][j].SILAGE_ID + '_' + GroupIdOut[i][j].LEVEL,\n              name_r:(j < 10) ? `Датчик0${j}` : `Датчик${j}`,\n              name_l:`Рiвень ${j}`,\n            }\n        group.GroupBob.push(jsonGroup)    \n        group.SerialNumber = GroupIdOut[i][j].SILAGE_ID\n        group.Name = renameSerialNumber(GroupIdOut[i][j].NO)   \n         \n    }\n    GroupSensor.push(group) \n }\n\n\n//присвоэння выдповыды\n\nmsg.payload = {\n    GroupSensor: GroupSensor\n};\n\n\nreturn msg;",
        "outputs": 1,
        "noerr": 0,
        "initialize": "",
        "finalize": "",
        "libs": [],
        "x": 670,
        "y": 560,
        "wires": [
            [
                "d03dadcccc3f2e35"
            ]
        ]
    },
    {
        "id": "99fa8cc3841828ee",
        "type": "trigger",
        "z": "51e59cc2b17099ca",
        "name": "",
        "op1": "",
        "op2": "{}",
        "op1type": "nul",
        "op2type": "json",
        "duration": "4",
        "extend": false,
        "overrideDelay": false,
        "units": "s",
        "reset": "",
        "bytopic": "all",
        "topic": "topic",
        "outputs": 1,
        "x": 570,
        "y": 60,
        "wires": [
            [
                "bcf7a0498b36e95d"
            ]
        ]
    },
    {
        "id": "35737590e8d8baf6",
        "type": "function",
        "z": "51e59cc2b17099ca",
        "name": "reset",
        "func": "msg.reset = true\nreturn msg;",
        "outputs": 1,
        "noerr": 0,
        "initialize": "",
        "finalize": "",
        "libs": [],
        "x": 550,
        "y": 100,
        "wires": [
            [
                "99fa8cc3841828ee"
            ]
        ]
    },
    {
        "id": "5a568ae272ce2d71",
        "type": "inject",
        "z": "f616698c3b49dd4e",
        "name": "",
        "props": [
            {
                "p": "payload"
            },
            {
                "p": "topic",
                "vt": "str"
            }
        ],
        "repeat": "",
        "crontab": "",
        "once": false,
        "onceDelay": 0.1,
        "topic": "",
        "payload": "",
        "payloadType": "date",
        "x": 140,
        "y": 120,
        "wires": [
            [
                "8abed8b058e5722e"
            ]
        ]
    },
    {
        "id": "a16fe58d979b8d42",
        "type": "comment",
        "z": "f616698c3b49dd4e",
        "name": "Інформація по підключенню",
        "info": "10.98.254.16 - сервер термометрії\nНазва бази даних: OIK_DBA\nЛогін: root\nПароль: manager",
        "x": 160,
        "y": 80,
        "wires": []
    },
    {
        "id": "90051e4ccaa8ebf4",
        "type": "mysql",
        "z": "f616698c3b49dd4e",
        "mydb": "f547bd174c5d02e1",
        "name": "",
        "x": 790,
        "y": 220,
        "wires": [
            [
                "f2bd51bd4ceae121",
                "2237c55747c7c8d4",
                "64c56b0a3127a79c",
                "ea4934393730368e",
                "fd3b857c861142e1"
            ]
        ]
    },
    {
        "id": "8abed8b058e5722e",
        "type": "function",
        "z": "f616698c3b49dd4e",
        "name": "SHOW TABLES",
        "func": "msg.topic = 'SHOW TABLES'\nreturn msg;",
        "outputs": 1,
        "noerr": 0,
        "initialize": "",
        "finalize": "",
        "libs": [],
        "x": 320,
        "y": 120,
        "wires": [
            [
                "90051e4ccaa8ebf4",
                "4022b34f851b1f1e"
            ]
        ]
    },
    {
        "id": "4022b34f851b1f1e",
        "type": "debug",
        "z": "f616698c3b49dd4e",
        "name": "",
        "active": true,
        "tosidebar": true,
        "console": false,
        "tostatus": false,
        "complete": "false",
        "statusVal": "",
        "statusType": "auto",
        "x": 790,
        "y": 180,
        "wires": []
    },
    {
        "id": "f2bc1861824dc2b6",
        "type": "debug",
        "z": "f616698c3b49dd4e",
        "name": "",
        "active": false,
        "tosidebar": true,
        "console": false,
        "tostatus": false,
        "complete": "false",
        "statusVal": "",
        "statusType": "auto",
        "x": 970,
        "y": 280,
        "wires": []
    },
    {
        "id": "c541a317c5fee934",
        "type": "function",
        "z": "f616698c3b49dd4e",
        "name": "",
        "func": "msg.payload = {\n    GroupSensor: [\n        {\n            silos: '1234',\n            SerialNumber: '010101',\n            Name: 'П01',\n            GroupBob: [\n                {\n                    name: 'Sensor0001',\n                    name_R: 'Датчик01'\n                },\n                {\n                    name: 'Sensor0002',\n                    name_R: 'Датчик02'\n                },\n                {\n                    name: 'Sensor0003',\n                    name_R: 'Датчик03'\n                }\n                ]\n        },\n        {\n            silos: '1235',\n            SerialNumber: '010105',\n            Name: 'П05',\n            GroupBob: [\n                {\n                    name: 'Sensor0005',\n                    name_R: 'Датчик05'\n                },\n                {\n                    name: 'Sensor0006',\n                    name_R: 'Датчик06'\n                },\n                {\n                    name: 'Sensor0006',\n                    name_R: 'Датчик07'\n                }\n                ]\n        }]\n}\nreturn msg;",
        "outputs": 1,
        "noerr": 0,
        "initialize": "",
        "finalize": "",
        "libs": [],
        "x": 400,
        "y": 660,
        "wires": [
            [
                "834cbea8cfce4b94",
                "15a41cdf81e31460"
            ]
        ]
    },
    {
        "id": "834cbea8cfce4b94",
        "type": "debug",
        "z": "f616698c3b49dd4e",
        "name": "",
        "active": true,
        "tosidebar": true,
        "console": false,
        "tostatus": false,
        "complete": "false",
        "statusVal": "",
        "statusType": "auto",
        "x": 540,
        "y": 600,
        "wires": []
    },
    {
        "id": "15a41cdf81e31460",
        "type": "http response",
        "z": "f616698c3b49dd4e",
        "name": "",
        "statusCode": "",
        "headers": {},
        "x": 600,
        "y": 660,
        "wires": []
    },
    {
        "id": "492f0eca491c39e2",
        "type": "function",
        "z": "f616698c3b49dd4e",
        "name": "SHOW LOG_RECNO = 584",
        "func": "var Select = `\nSELECT * FROM TLMAX\nWHERE LOG_RECNO = 199\nORDER BY DATETIME DESC;`\n\n\n\nmsg.topic = Select;\n\nreturn msg;",
        "outputs": 1,
        "noerr": 0,
        "initialize": "",
        "finalize": "",
        "libs": [],
        "x": 360,
        "y": 200,
        "wires": [
            [
                "90051e4ccaa8ebf4"
            ]
        ]
    },
    {
        "id": "284a85845a19d66a",
        "type": "inject",
        "z": "f616698c3b49dd4e",
        "name": "",
        "props": [
            {
                "p": "payload"
            },
            {
                "p": "topic",
                "vt": "str"
            }
        ],
        "repeat": "",
        "crontab": "",
        "once": false,
        "onceDelay": 0.1,
        "topic": "",
        "payload": "",
        "payloadType": "date",
        "x": 140,
        "y": 200,
        "wires": [
            [
                "492f0eca491c39e2",
                "64066e0044227d2d"
            ]
        ]
    },
    {
        "id": "64066e0044227d2d",
        "type": "template",
        "z": "f616698c3b49dd4e",
        "name": "",
        "field": "topic",
        "fieldType": "msg",
        "format": "text",
        "syntax": "mustache",
        "template": "SELECT * FROM TLMAX\nWHERE LOG_RECNO = 584\nORDER BY DATETIME DESC;",
        "output": "str",
        "x": 300,
        "y": 240,
        "wires": [
            []
        ]
    },
    {
        "id": "8d9a229e71b55b8e",
        "type": "comment",
        "z": "f616698c3b49dd4e",
        "name": "info ",
        "info": "LOG_RECNO: 153\nDATETIME: \"2021-12-28T12:50:05.\n\nLOG_RECNO: 152\nDATETIME: \"2021-12-28T12:26:16.000Z\"\n\n\n",
        "x": 1410,
        "y": 100,
        "wires": []
    },
    {
        "id": "f2bd51bd4ceae121",
        "type": "function",
        "z": "f616698c3b49dd4e",
        "name": "",
        "func": "var inputDate = msg.payload;\nvar id = msg.payload[0].LOG_RECNO;\nvar Zam_date = msg.payload[0].DATETIME\nvar sensorArray = [];\n\n\nfor(let i = 0; i < inputDate.length; i++){\n    sensorArray[i] = {\n        'name':inputDate[i].SILAGE_ID + '_' + inputDate[i].LEVEL,\n        'temp:': inputDate[i].USER_VALUE\n    }\n}\n\n\n\n\n\n\n\nmsg.payload = {\n    DTLINECREATE: Zam_date,\n    id: id,\n    sensor: sensorArray\n}\nreturn msg;",
        "outputs": 1,
        "noerr": 0,
        "initialize": "",
        "finalize": "",
        "libs": [],
        "x": 800,
        "y": 280,
        "wires": [
            [
                "f2bc1861824dc2b6"
            ]
        ]
    },
    {
        "id": "2237c55747c7c8d4",
        "type": "debug",
        "z": "f616698c3b49dd4e",
        "name": "",
        "active": true,
        "tosidebar": true,
        "console": false,
        "tostatus": false,
        "complete": "false",
        "statusVal": "",
        "statusType": "auto",
        "x": 1050,
        "y": 220,
        "wires": []
    },
    {
        "id": "96e3b4726a8261da",
        "type": "inject",
        "z": "f616698c3b49dd4e",
        "name": "",
        "props": [
            {
                "p": "payload"
            },
            {
                "p": "topic",
                "vt": "str"
            }
        ],
        "repeat": "",
        "crontab": "",
        "once": false,
        "onceDelay": 0.1,
        "topic": "",
        "payload": "",
        "payloadType": "date",
        "x": 140,
        "y": 320,
        "wires": [
            [
                "5d5b57f26719ca2b"
            ]
        ]
    },
    {
        "id": "5d5b57f26719ca2b",
        "type": "function",
        "z": "f616698c3b49dd4e",
        "name": "SHOW LAST ",
        "func": "var Select = `\nSELECT * FROM TLMAX \nORDER BY LOG_RECNO DESC LIMIT 4192;`\n\n\n\nmsg.topic = Select;\n\nreturn msg;\n//",
        "outputs": 1,
        "noerr": 0,
        "initialize": "",
        "finalize": "",
        "libs": [],
        "x": 330,
        "y": 320,
        "wires": [
            [
                "90051e4ccaa8ebf4"
            ]
        ]
    },
    {
        "id": "b618d45d9ed950b2",
        "type": "inject",
        "z": "f616698c3b49dd4e",
        "name": "",
        "props": [
            {
                "p": "payload"
            },
            {
                "p": "topic",
                "vt": "str"
            }
        ],
        "repeat": "",
        "crontab": "",
        "once": false,
        "onceDelay": 0.1,
        "topic": "",
        "payload": "",
        "payloadType": "date",
        "x": 160,
        "y": 820,
        "wires": [
            [
                "91f4ee0fc78fdcda"
            ]
        ]
    },
    {
        "id": "91f4ee0fc78fdcda",
        "type": "function",
        "z": "f616698c3b49dd4e",
        "name": "SENSORS",
        "func": "var Select = `\nSELECT * FROM SENSORS;`\n\n\n\nmsg.topic = Select;\n\nreturn msg;\n//",
        "outputs": 1,
        "noerr": 0,
        "initialize": "",
        "finalize": "",
        "libs": [],
        "x": 350,
        "y": 820,
        "wires": [
            []
        ]
    },
    {
        "id": "507473b7c7b5c2f1",
        "type": "debug",
        "z": "f616698c3b49dd4e",
        "name": "",
        "active": true,
        "tosidebar": true,
        "console": false,
        "tostatus": false,
        "complete": "false",
        "statusVal": "",
        "statusType": "auto",
        "x": 790,
        "y": 900,
        "wires": []
    },
    {
        "id": "46e4a61e3b4fc60c",
        "type": "inject",
        "z": "f616698c3b49dd4e",
        "name": "",
        "props": [
            {
                "p": "payload"
            },
            {
                "p": "topic",
                "vt": "str"
            }
        ],
        "repeat": "",
        "crontab": "",
        "once": false,
        "onceDelay": 0.1,
        "topic": "",
        "payload": "",
        "payloadType": "date",
        "x": 160,
        "y": 880,
        "wires": [
            [
                "33bf691699f6e2d3"
            ]
        ]
    },
    {
        "id": "33bf691699f6e2d3",
        "type": "function",
        "z": "f616698c3b49dd4e",
        "name": "LAVALIERS",
        "func": "var Select = `\nSELECT * FROM LAVALIERS;`\n\n\n\nmsg.topic = Select;\n\nreturn msg;\n//",
        "outputs": 1,
        "noerr": 0,
        "initialize": "",
        "finalize": "",
        "libs": [],
        "x": 350,
        "y": 880,
        "wires": [
            []
        ]
    },
    {
        "id": "39bccfad40601187",
        "type": "inject",
        "z": "f616698c3b49dd4e",
        "name": "",
        "props": [
            {
                "p": "payload"
            },
            {
                "p": "topic",
                "vt": "str"
            }
        ],
        "repeat": "",
        "crontab": "",
        "once": false,
        "onceDelay": 0.1,
        "topic": "",
        "payload": "",
        "payloadType": "date",
        "x": 160,
        "y": 1000,
        "wires": [
            [
                "79c31f64bf79a332"
            ]
        ]
    },
    {
        "id": "79c31f64bf79a332",
        "type": "function",
        "z": "f616698c3b49dd4e",
        "name": "DEVICES",
        "func": "var Select = `\nSELECT * FROM SILAGES;`\n\n\n\nmsg.topic = Select;\n\nreturn msg;\n//",
        "outputs": 1,
        "noerr": 0,
        "initialize": "",
        "finalize": "",
        "libs": [],
        "x": 340,
        "y": 1000,
        "wires": [
            []
        ]
    },
    {
        "id": "92c6cf6ecb7b6e3f",
        "type": "http in",
        "z": "f616698c3b49dd4e",
        "name": "",
        "url": "SILAGES_all",
        "method": "get",
        "upload": false,
        "swaggerDoc": "",
        "x": 150,
        "y": 1060,
        "wires": [
            [
                "79c31f64bf79a332"
            ]
        ]
    },
    {
        "id": "741271f88a2f9286",
        "type": "inject",
        "z": "f616698c3b49dd4e",
        "name": "",
        "props": [
            {
                "p": "payload"
            },
            {
                "p": "topic",
                "vt": "str"
            }
        ],
        "repeat": "",
        "crontab": "",
        "once": false,
        "onceDelay": 0.1,
        "topic": "",
        "payload": "",
        "payloadType": "date",
        "x": 120,
        "y": 1140,
        "wires": [
            []
        ]
    },
    {
        "id": "5e6a05f1541d9d5c",
        "type": "debug",
        "z": "f616698c3b49dd4e",
        "name": "",
        "active": true,
        "tosidebar": true,
        "console": false,
        "tostatus": false,
        "complete": "false",
        "statusVal": "",
        "statusType": "auto",
        "x": 730,
        "y": 1120,
        "wires": []
    },
    {
        "id": "e3e3ba7e4cb61e23",
        "type": "http in",
        "z": "f616698c3b49dd4e",
        "name": "",
        "url": "/get/id_sensors",
        "method": "get",
        "upload": false,
        "swaggerDoc": "",
        "x": 130,
        "y": 1240,
        "wires": [
            [
                "43dbe58be1138ff2"
            ]
        ]
    },
    {
        "id": "9d2b9c531bdc58db",
        "type": "http in",
        "z": "f616698c3b49dd4e",
        "name": "",
        "url": "/get/getSensor2",
        "method": "get",
        "upload": false,
        "swaggerDoc": "",
        "x": 140,
        "y": 280,
        "wires": [
            [
                "492f0eca491c39e2"
            ]
        ]
    },
    {
        "id": "c48319f7af54430d",
        "type": "http response",
        "z": "f616698c3b49dd4e",
        "name": "",
        "statusCode": "",
        "headers": {},
        "x": 890,
        "y": 1280,
        "wires": []
    },
    {
        "id": "76b1d13b39494899",
        "type": "http in",
        "z": "f616698c3b49dd4e",
        "name": "",
        "url": "/SENSORS2",
        "method": "get",
        "upload": false,
        "swaggerDoc": "",
        "x": 160,
        "y": 1860,
        "wires": [
            [
                "fbe83a12a39dc272"
            ]
        ]
    },
    {
        "id": "fbe83a12a39dc272",
        "type": "function",
        "z": "f616698c3b49dd4e",
        "name": "SENSORS",
        "func": "var Select = `\nSELECT * FROM SENSORS;`\n\n\n\nmsg.topic = Select;\n\nreturn msg;\n//",
        "outputs": 1,
        "noerr": 0,
        "initialize": "",
        "finalize": "",
        "libs": [],
        "x": 370,
        "y": 1860,
        "wires": [
            []
        ]
    },
    {
        "id": "7a24312d57324dc4",
        "type": "http response",
        "z": "f616698c3b49dd4e",
        "name": "",
        "statusCode": "",
        "headers": {},
        "x": 890,
        "y": 1860,
        "wires": []
    },
    {
        "id": "599d5b92013d5584",
        "type": "inject",
        "z": "f616698c3b49dd4e",
        "name": "",
        "props": [
            {
                "p": "payload"
            },
            {
                "p": "topic",
                "vt": "str"
            }
        ],
        "repeat": "",
        "crontab": "",
        "once": false,
        "onceDelay": 0.1,
        "topic": "",
        "payload": "",
        "payloadType": "date",
        "x": 190,
        "y": 1900,
        "wires": [
            [
                "fbe83a12a39dc272"
            ]
        ]
    },
    {
        "id": "ab5e92e143578d70",
        "type": "inject",
        "z": "f616698c3b49dd4e",
        "name": "",
        "props": [
            {
                "p": "req.query.id",
                "v": "659",
                "vt": "num"
            },
            {
                "p": "topic",
                "vt": "str"
            }
        ],
        "repeat": "",
        "crontab": "",
        "once": false,
        "onceDelay": 0.1,
        "topic": "",
        "x": 100,
        "y": 1200,
        "wires": [
            [
                "43dbe58be1138ff2"
            ]
        ]
    },
    {
        "id": "43dbe58be1138ff2",
        "type": "function",
        "z": "f616698c3b49dd4e",
        "name": "Query to DB",
        "func": "var id = Number(msg.req.query.id)\n\n\nvar Select = `\nSELECT * FROM TLMAX\nWHERE LOG_RECNO = ${id}\nORDER BY DATETIME DESC`\n\n\n\nmsg.topic = Select;\n\nreturn msg;",
        "outputs": 1,
        "noerr": 0,
        "initialize": "",
        "finalize": "",
        "libs": [],
        "x": 370,
        "y": 1200,
        "wires": [
            []
        ]
    },
    {
        "id": "f1bcf4d1030840e0",
        "type": "function",
        "z": "f616698c3b49dd4e",
        "name": "",
        "func": "var inputDate = msg.payload;\nvar id = msg.payload[0].LOG_RECNO;\nvar Zam_date = msg.payload[0].DATETIME\nvar sensorArray = [];\n\n\nfor(let i = 0; i < inputDate.length; i++){\n    sensorArray[i] = {\n        'name':inputDate[i].SILAGE_ID + '_' + inputDate[i].LEVEL,\n        'temp:': inputDate[i].USER_VALUE\n    }\n}\n\nsensorArray.splice(70,4192);\n\n\n\n\n\nmsg.payload = {\n    DTLINECREATE: Zam_date,\n    id: id,\n    sensors: sensorArray\n}\nreturn msg;",
        "outputs": 1,
        "noerr": 0,
        "initialize": "",
        "finalize": "",
        "libs": [],
        "x": 740,
        "y": 1200,
        "wires": [
            [
                "0d0958d1b5d78588"
            ]
        ]
    },
    {
        "id": "0d0958d1b5d78588",
        "type": "debug",
        "z": "f616698c3b49dd4e",
        "name": "",
        "active": false,
        "tosidebar": true,
        "console": false,
        "tostatus": false,
        "complete": "false",
        "statusVal": "",
        "statusType": "auto",
        "x": 930,
        "y": 1160,
        "wires": []
    },
    {
        "id": "82ebe545decd4121",
        "type": "debug",
        "z": "f616698c3b49dd4e",
        "name": "",
        "active": true,
        "tosidebar": true,
        "console": false,
        "tostatus": false,
        "complete": "false",
        "statusVal": "",
        "statusType": "auto",
        "x": 750,
        "y": 1820,
        "wires": []
    },
    {
        "id": "ee82d3f78fdb1e8b",
        "type": "inject",
        "z": "f616698c3b49dd4e",
        "name": "",
        "props": [
            {
                "p": "payload"
            },
            {
                "p": "topic",
                "vt": "str"
            }
        ],
        "repeat": "",
        "crontab": "",
        "once": false,
        "onceDelay": 0.1,
        "topic": "",
        "payload": "",
        "payloadType": "date",
        "x": 210,
        "y": 1400,
        "wires": [
            []
        ]
    },
    {
        "id": "ba941fe881be07b0",
        "type": "function",
        "z": "f616698c3b49dd4e",
        "name": "",
        "func": "var in_date = msg.payload;\nvar SILAGE_ID = []\nfor(let i = 0; i < in_date.length; i++){\n    SILAGE_ID.push(in_date[i].SILAGE_ID)\n}\n\n\nfunction unique(arr){\n    let result = []\n    \n    for(let str of arr){\n        if(!result.includes(str)){\n            result.push(str);\n        }\n    }\n    \n    return result;\n}\n\nfunction sortFunction(a,b){\n    return parseInt(a) - parseInt(b)\n}\n\n\n\nmsg.payload = unique(SILAGE_ID).sort(sortFunction);\n\nreturn msg;",
        "outputs": 1,
        "noerr": 0,
        "initialize": "",
        "finalize": "",
        "libs": [],
        "x": 740,
        "y": 1240,
        "wires": [
            [
                "25f60040a0f93197",
                "c48319f7af54430d"
            ]
        ]
    },
    {
        "id": "25f60040a0f93197",
        "type": "debug",
        "z": "f616698c3b49dd4e",
        "name": "",
        "active": true,
        "tosidebar": true,
        "console": false,
        "tostatus": false,
        "complete": "false",
        "statusVal": "",
        "statusType": "auto",
        "x": 910,
        "y": 1240,
        "wires": []
    },
    {
        "id": "a2523070557a6a65",
        "type": "function",
        "z": "f616698c3b49dd4e",
        "name": "",
        "func": "var in_date = msg.payload;\nvar SILAGE_ID = []\nfor(let i = 0; i < in_date.length; i++){\n    SILAGE_ID.push(in_date[i].TSB_ID)\n}\n\n\nfunction unique(arr){\n    let result = []\n    \n    for(let str of arr){\n        if(!result.includes(str)){\n            result.push(str);\n        }\n    }\n    \n    return result;\n}\n\nfunction sortFunction(a,b){\n    return parseInt(a) - parseInt(b)\n}\n\n\n\nmsg.payload = unique(SILAGE_ID).sort(sortFunction);\n\nreturn msg;",
        "outputs": 1,
        "noerr": 0,
        "initialize": "",
        "finalize": "",
        "libs": [],
        "x": 740,
        "y": 1860,
        "wires": [
            [
                "7a24312d57324dc4"
            ]
        ]
    },
    {
        "id": "adb3f8efa53119dc",
        "type": "inject",
        "z": "f616698c3b49dd4e",
        "name": "",
        "props": [
            {
                "p": "payload"
            },
            {
                "p": "topic",
                "vt": "str"
            }
        ],
        "repeat": "",
        "crontab": "",
        "once": false,
        "onceDelay": 0.1,
        "topic": "",
        "payload": "",
        "payloadType": "date",
        "x": 430,
        "y": 1400,
        "wires": [
            []
        ]
    },
    {
        "id": "7713d96a1abd2c65",
        "type": "http in",
        "z": "f616698c3b49dd4e",
        "name": "",
        "url": "LAVALIERS",
        "method": "get",
        "upload": false,
        "swaggerDoc": "",
        "x": 180,
        "y": 1980,
        "wires": [
            [
                "5775bebfa1c7cc49"
            ]
        ]
    },
    {
        "id": "5775bebfa1c7cc49",
        "type": "function",
        "z": "f616698c3b49dd4e",
        "name": "LAVALIERS",
        "func": "var Select = `\nSELECT * FROM LAVALIERS;`\n\n\n\nmsg.topic = Select;\n\nreturn msg;\n//",
        "outputs": 1,
        "noerr": 0,
        "initialize": "",
        "finalize": "",
        "libs": [],
        "x": 370,
        "y": 1980,
        "wires": [
            []
        ]
    },
    {
        "id": "1d63930891121be5",
        "type": "function",
        "z": "f616698c3b49dd4e",
        "name": "",
        "func": "var in_date = msg.payload;\nvar SILAGE_ID = []\n\n\n\n\n\nfor(let i = 0; i < in_date.length; i++){\n    let jsonDate = {\n        ID:in_date[i].ID,\n        NO:in_date[i].NO,\n        SILAGE_ID:in_date[i].SILAGE_ID,\n    }\n    SILAGE_ID.push(jsonDate)\n}\n\n\nfunction unique(arr){\n    let result = []\n    \n    for(let str of arr){\n        if(!result.includes(str)){\n            result.push(str);\n        }\n    }\n    \n    return result;\n}\n\n\n\n\n\n\n\nmsg.payload = SILAGE_ID;\n\nreturn msg;",
        "outputs": 1,
        "noerr": 0,
        "initialize": "",
        "finalize": "",
        "libs": [],
        "x": 720,
        "y": 2020,
        "wires": [
            [
                "a3e70f1f46a40e24"
            ]
        ]
    },
    {
        "id": "0c3577df5f1b2037",
        "type": "debug",
        "z": "f616698c3b49dd4e",
        "name": "",
        "active": true,
        "tosidebar": true,
        "console": false,
        "tostatus": false,
        "complete": "false",
        "statusVal": "",
        "statusType": "auto",
        "x": 730,
        "y": 1940,
        "wires": []
    },
    {
        "id": "a3e70f1f46a40e24",
        "type": "http response",
        "z": "f616698c3b49dd4e",
        "name": "",
        "statusCode": "",
        "headers": {},
        "x": 850,
        "y": 1980,
        "wires": []
    },
    {
        "id": "fd8803ade935d4f2",
        "type": "inject",
        "z": "f616698c3b49dd4e",
        "name": "",
        "props": [
            {
                "p": "payload"
            },
            {
                "p": "topic",
                "vt": "str"
            }
        ],
        "repeat": "",
        "crontab": "",
        "once": false,
        "onceDelay": 0.1,
        "topic": "",
        "payload": "",
        "payloadType": "date",
        "x": 180,
        "y": 1680,
        "wires": [
            [
                "3bfb3c9bab5d2fd1"
            ]
        ]
    },
    {
        "id": "3bfb3c9bab5d2fd1",
        "type": "function",
        "z": "f616698c3b49dd4e",
        "name": "query DB",
        "func": "var Select = `\nSELECT  \nLAVALIERS.ID, LAVALIERS.NO, LAVALIERS.SILAGE_ID, LAVALIERS.LevelCount, LAVALIERS.LevelOffs, LAVALIERS.LoadLevels, LAVALIERS.DeviceAddr,\nSENSORS.TSB_ID, SENSORS.LEVEL, SENSORS.ONLINE, SENSORS.USER_T\nFROM LAVALIERS, SENSORS\nWHERE LAVALIERS.ID = SENSORS.TSB_ID\nORDER BY SENSORS.TSB_ID ASC LIMIT 4192`\n\nmsg.topic = Select;\n\nreturn msg;\n//",
        "outputs": 1,
        "noerr": 0,
        "initialize": "",
        "finalize": "",
        "libs": [],
        "x": 360,
        "y": 1680,
        "wires": [
            []
        ]
    },
    {
        "id": "6b61edfece54ce9b",
        "type": "debug",
        "z": "f616698c3b49dd4e",
        "name": "",
        "active": true,
        "tosidebar": true,
        "console": false,
        "tostatus": false,
        "complete": "false",
        "statusVal": "",
        "statusType": "auto",
        "x": 730,
        "y": 1680,
        "wires": []
    },
    {
        "id": "eca1abe3d559f802",
        "type": "http in",
        "z": "f616698c3b49dd4e",
        "name": "",
        "url": "/stryctyre",
        "method": "get",
        "upload": false,
        "swaggerDoc": "",
        "x": 150,
        "y": 1720,
        "wires": [
            [
                "3bfb3c9bab5d2fd1"
            ]
        ]
    },
    {
        "id": "12cd0c349aa8dc53",
        "type": "http response",
        "z": "f616698c3b49dd4e",
        "name": "",
        "statusCode": "",
        "headers": {},
        "x": 710,
        "y": 1720,
        "wires": []
    },
    {
        "id": "64c56b0a3127a79c",
        "type": "function",
        "z": "f616698c3b49dd4e",
        "name": "",
        "func": "var inputDate = msg.payload;\nvar id = msg.payload[0].LOG_RECNO;\nvar Zam_date = msg.payload[0].DATETIME\nvar sensorArray = [];\n\n\nfor(let i = 0; i < inputDate.length; i++){\n    sensorArray.push({\n        SENSOR_STATE: inputDate[i].SENSOR_STATE,\n        SENSOR_ONLINE: inputDate[i].SENSOR_ONLINE,\n        USER_VALUE: inputDate[i].USER_VALUE,\n        dffdfdf: -8\n    })\n}\n\n\n\n\n\n\n\nmsg.payload = {\n    sensor: sensorArray\n}\nreturn msg;",
        "outputs": 1,
        "noerr": 0,
        "initialize": "",
        "finalize": "",
        "libs": [],
        "x": 800,
        "y": 320,
        "wires": [
            [
                "b9835ef595c2792b"
            ]
        ]
    },
    {
        "id": "b9835ef595c2792b",
        "type": "debug",
        "z": "f616698c3b49dd4e",
        "name": "",
        "active": false,
        "tosidebar": true,
        "console": false,
        "tostatus": false,
        "complete": "false",
        "statusVal": "",
        "statusType": "auto",
        "x": 970,
        "y": 320,
        "wires": []
    },
    {
        "id": "fd3b857c861142e1",
        "type": "http response",
        "z": "f616698c3b49dd4e",
        "name": "",
        "statusCode": "",
        "headers": {},
        "x": 1010,
        "y": 180,
        "wires": []
    },
    {
        "id": "ea4934393730368e",
        "type": "function",
        "z": "f616698c3b49dd4e",
        "name": "",
        "func": "var inputDate = msg.payload;\nvar id = msg.payload[0].LOG_RECNO;\nvar Zam_date = msg.payload[0].DATETIME\nvar sensorArray = [];\nvar nullState = []\nvar obruv = []\n\n\nfor(let i = 0; i < inputDate.length; i++){\n    if(inputDate[i].SILAGE_ID >= 271){\n        let podves = {\n            [inputDate[i].SILAGE_ID]: inputDate[i]\n        }\n        sensorArray.push(podves)\n        \n        if(inputDate[i].SENSOR_STATE == 64){\n            let podves = {\n                [inputDate[i].SILAGE_ID]: inputDate[i]\n            }\n            obruv.push(podves)\n        }\n        \n        if(inputDate[i].SENSOR_STATE == null){\n            let podves = {\n                [inputDate[i].SILAGE_ID]: inputDate[i]\n            }\n            nullState.push(podves)\n        }\n        \n        \n        \n        \n    }\n    \n        \n        \n        \n        \n    \n    \n}\n\nmsg.payload = {\n    all: sensorArray,\n    obruv: obruv,\n    nullState: nullState\n    \n}\nreturn msg;",
        "outputs": 1,
        "noerr": 0,
        "initialize": "",
        "finalize": "",
        "libs": [],
        "x": 800,
        "y": 360,
        "wires": [
            [
                "260c2e3af711cc8e"
            ]
        ]
    },
    {
        "id": "260c2e3af711cc8e",
        "type": "debug",
        "z": "f616698c3b49dd4e",
        "name": "",
        "active": false,
        "tosidebar": true,
        "console": false,
        "tostatus": false,
        "complete": "false",
        "statusVal": "",
        "statusType": "auto",
        "x": 970,
        "y": 360,
        "wires": []
    },
    {
        "id": "908b4270ae2d5764",
        "type": "inject",
        "z": "f616698c3b49dd4e",
        "name": "",
        "props": [
            {
                "p": "payload"
            },
            {
                "p": "topic",
                "vt": "str"
            }
        ],
        "repeat": "",
        "crontab": "",
        "once": false,
        "onceDelay": 0.1,
        "topic": "",
        "payload": "",
        "payloadType": "date",
        "x": 120,
        "y": 2180,
        "wires": [
            [
                "8b8c1e16e8658b80"
            ]
        ]
    },
    {
        "id": "8b8c1e16e8658b80",
        "type": "function",
        "z": "f616698c3b49dd4e",
        "name": "SHOW LAST ",
        "func": "// var Select = `\n// SELECT * FROM TMAX \n// ORDER BY LOG_RECNO DESC LIMIT 286;`\n\nvar Select = `SELECT * FROM tlmax_d\nWHERE LOG_RECNO = 1\nORDER BY DATETIME DESC;`\n\nmsg.topic = Select;\n\nreturn msg;\n//",
        "outputs": 1,
        "noerr": 0,
        "initialize": "",
        "finalize": "",
        "libs": [],
        "x": 310,
        "y": 2180,
        "wires": [
            []
        ]
    },
    {
        "id": "891fcdc46c9fe8d9",
        "type": "debug",
        "z": "f616698c3b49dd4e",
        "name": "TMAX ",
        "active": true,
        "tosidebar": true,
        "console": false,
        "tostatus": false,
        "complete": "payload",
        "targetType": "msg",
        "statusVal": "",
        "statusType": "auto",
        "x": 730,
        "y": 2180,
        "wires": []
    },
    {
        "id": "68ee442d0c871e47",
        "type": "inject",
        "z": "f616698c3b49dd4e",
        "name": "",
        "props": [
            {
                "p": "payload"
            },
            {
                "p": "topic",
                "vt": "str"
            }
        ],
        "repeat": "",
        "crontab": "",
        "once": false,
        "onceDelay": 0.1,
        "topic": "",
        "payload": "",
        "payloadType": "date",
        "x": 120,
        "y": 2120,
        "wires": [
            [
                "b8160e94805dec08"
            ]
        ]
    },
    {
        "id": "b8160e94805dec08",
        "type": "function",
        "z": "f616698c3b49dd4e",
        "name": "SHOW LAST ",
        "func": "var Select = `\nSELECT * FROM TLMAX \nORDER BY LOG_RECNO DESC LIMIT 4192;`\n\n\n\nmsg.topic = Select;\n\nreturn msg;\n//",
        "outputs": 1,
        "noerr": 0,
        "initialize": "",
        "finalize": "",
        "libs": [],
        "x": 310,
        "y": 2120,
        "wires": [
            []
        ]
    },
    {
        "id": "b92c0615895fac2c",
        "type": "debug",
        "z": "f616698c3b49dd4e",
        "name": "TLMAX ",
        "active": true,
        "tosidebar": true,
        "console": false,
        "tostatus": false,
        "complete": "payload",
        "targetType": "msg",
        "statusVal": "",
        "statusType": "auto",
        "x": 740,
        "y": 2120,
        "wires": []
    },
    {
        "id": "40065527d00a8f67",
        "type": "http in",
        "z": "f616698c3b49dd4e",
        "name": "",
        "url": "tmax",
        "method": "get",
        "upload": false,
        "swaggerDoc": "",
        "x": 140,
        "y": 2220,
        "wires": [
            [
                "8b8c1e16e8658b80"
            ]
        ]
    },
    {
        "id": "b6f14833773c8034",
        "type": "http response",
        "z": "f616698c3b49dd4e",
        "name": "",
        "statusCode": "",
        "headers": {},
        "x": 730,
        "y": 2220,
        "wires": []
    },
    {
        "id": "a0cfd772d370d31e",
        "type": "function",
        "z": "f616698c3b49dd4e",
        "name": "SHOW LOG_RECNO = 584",
        "func": "var Select = `\nSELECT * FROM TLMAX\nWHERE LOG_RECNO = 584\nORDER BY DATETIME DESC;`\n\n\n\nmsg.topic = Select;\n\nreturn msg;",
        "outputs": 1,
        "noerr": 0,
        "initialize": "",
        "finalize": "",
        "libs": [],
        "x": 280,
        "y": 2280,
        "wires": [
            []
        ]
    },
    {
        "id": "5f7ff86c5964371c",
        "type": "inject",
        "z": "f616698c3b49dd4e",
        "name": "",
        "props": [
            {
                "p": "payload"
            },
            {
                "p": "topic",
                "vt": "str"
            }
        ],
        "repeat": "",
        "crontab": "",
        "once": false,
        "onceDelay": 0.1,
        "topic": "",
        "payload": "",
        "payloadType": "date",
        "x": 210,
        "y": 1940,
        "wires": [
            [
                "5775bebfa1c7cc49"
            ]
        ]
    },
    {
        "id": "54857b201f2b8a09",
        "type": "inject",
        "z": "f616698c3b49dd4e",
        "name": "",
        "props": [
            {
                "p": "payload"
            },
            {
                "p": "topic",
                "vt": "str"
            }
        ],
        "repeat": "",
        "crontab": "",
        "once": false,
        "onceDelay": 0.1,
        "topic": "",
        "payload": "",
        "payloadType": "date",
        "x": 180,
        "y": 2020,
        "wires": [
            [
                "2f1316d172ebde90"
            ]
        ]
    },
    {
        "id": "2f1316d172ebde90",
        "type": "function",
        "z": "f616698c3b49dd4e",
        "name": "SILAGES",
        "func": "var Select = `\nSELECT * FROM SILAGES;`\n\n\n\nmsg.topic = Select;\n\nreturn msg;\n//",
        "outputs": 1,
        "noerr": 0,
        "initialize": "",
        "finalize": "",
        "libs": [],
        "x": 360,
        "y": 2020,
        "wires": [
            []
        ]
    },
    {
        "id": "679db6f7aa6b82c4",
        "type": "comment",
        "z": "f616698c3b49dd4e",
        "name": "",
        "info": "DATETIME: \"2021-12-30T11:28:01.000Z\nDATETIME: \"2021-12-30T10:26:18.000Z\nDATETIME: \"2021-12-30T09:24:31.000Z\nDATETIME: \"2021-12-30T08:22:45.000Z\"",
        "x": 600,
        "y": 60,
        "wires": []
    }
]